﻿<DataObject comparison="Ordinal">
  <Section id="">
    <Subsections>
      <Section id="General">
        <Subsections />
        <Entries>
          <Entry key="ElapsedTime">
            <double>520.01852339999994</double>
          </Entry>
          <Entry key="StartedAt">
            <dateTime>2020-03-12T12:13:04.8877744+03:00</dateTime>
          </Entry>
          <Entry key="EndedAt">
            <dateTime>2020-03-12T12:21:44.9062978+03:00</dateTime>
          </Entry>
          <Entry key="ReplayStatus">
            <LastReplayRunStatus>Aborted</LastReplayRunStatus>
          </Entry>
          <Entry key="NumberOfReplayErrors">
            <int>0</int>
          </Entry>
          <Entry key="NumberOfReplayCriticalErrors">
            <int>0</int>
          </Entry>
          <Entry key="NumberOfCompilationErrors">
            <int>0</int>
          </Entry>
        </Entries>
      </Section>
    </Subsections>
    <Entries>
      <Entry key="Iterations">
        <int>100</int>
      </Entry>
    </Entries>
  </Section>
</DataObject>