<?xml version="1.0" encoding="utf-8"?>
<VugenScriptMetadata>
  <ScriptName>UC03_close_task</ScriptName>
  <Protocol>Web - HTTP/HTML</Protocol>
  <ActionFiles>
    <FileEntry Name="vuser_init.c" Filter="2" />
    <FileEntry Name="Action.c" Filter="2" />
    <FileEntry Name="vuser_end.c" Filter="2" />
  </ActionFiles>
  <GeneralFiles>
    <FileEntry Name="UC03_close_task.usr" Filter="4" />
    <FileEntry Name="default.cfg" Filter="4" />
    <FileEntry Name="default.usp" Filter="4" />
    <FileEntry Name="UC03_close_task.prm" Filter="2" />
    <FileEntry Name="globals.h" Filter="2" />
    <FileEntry Name="acountsMaster.dat" Filter="2" />
    <FileEntry Name="ScriptUploadMetadata.xml" Filter="2" />
    <FileEntry Name="Bookmarks.xml" Filter="2" />
    <FileEntry Name="Breakpoints.xml" Filter="2" />
    <FileEntry Name="CompilerLogMetadata.xml" Filter="2" />
    <FileEntry Name="ReplaySummaryReport.xml" Filter="2" />
    <FileEntry Name="UserTasks.xml" Filter="2" />
    <FileEntry Name="combined_UC03_close_task.c" Filter="2" />
    <FileEntry Name="pre_cci.c" Filter="2" />
    <FileEntry Name="23057468544.idx" Filter="1" />
    <FileEntry Name="23057468544_ICU.879.idx" Filter="1" />
    <FileEntry Name="23057468544_LyE.125.idx" Filter="1" />
    <FileEntry Name="23057468544_mPE.507.idx" Filter="1" />
    <FileEntry Name="23057468544_o6L.227.idx" Filter="1" />
    <FileEntry Name="23057468544_oCV.701.idx" Filter="1" />
    <FileEntry Name="23057468544_q9u.337.idx" Filter="1" />
    <FileEntry Name="23057468544_Umk.53.idx" Filter="1" />
    <FileEntry Name="23057468544_ZaY.397.idx" Filter="1" />
    <FileEntry Name="logfile.log" Filter="1" />
    <FileEntry Name="mdrv.log" Filter="1" />
    <FileEntry Name="mdrv272.217.log" Filter="1" />
    <FileEntry Name="mdrvkkq.231.log" Filter="1" />
    <FileEntry Name="mdrv_cmd.txt" Filter="1" />
    <FileEntry Name="options.txt" Filter="1" />
    <FileEntry Name="output.bak" Filter="1" />
    <FileEntry Name="output.txt" Filter="1" />
    <FileEntry Name="replay.har" Filter="1" />
    <FileEntry Name="shunra.shunra" Filter="1" />
    <FileEntry Name="ThumbnailsCache.tmp" Filter="1" />
    <FileEntry Name="TransactionsData.db" Filter="1" />
    <FileEntry Name="UC03_close_task.c.pickle" Filter="1" />
    <FileEntry Name="UC03_close_task.ci" Filter="1" />
    <FileEntry Name="UC03_close_task.prm.bak" Filter="1" />
    <FileEntry Name="UC03_close_task.sdf" Filter="1" />
    <FileEntry Name="data\" Filter="1" />
    <FileEntry Name="result1\" Filter="1" />
  </GeneralFiles>
</VugenScriptMetadata>